frame_nmr,car_id,car_bbox,license_plate_bbox,license_plate_bbox_score,license_number,license_number_score
0,0,[0 0 0 0],[13.589797019958496 8.558206558227539 338.4796142578125 171.89720153808594],0.8468666672706604,YOURPL8,0.6883378133154827
