frame_nmr,car_id,car_bbox,license_plate_bbox,license_plate_bbox_score,license_number,license_number_score
0,0,[326.0379943847656 14.557034492492676 372.9740295410156 48.47713088989258],[142.08395385742188 166.38990783691406 228.20645141601562 199.8332061767578],0.7844950556755066,25-8522,0.9027338881691743
